[{"model": "admin.logentry", "pk": 1, "fields": {"action_time": "2020-10-28T14:13:33.426Z", "user": 1, "content_type": 4, "object_id": "2", "object_repr": "Customer", "action_flag": 1, "change_message": "[{\"added\": {}}]"}}, {"model": "admin.logentry", "pk": 2, "fields": {"action_time": "2020-10-28T14:14:05.935Z", "user": 1, "content_type": 4, "object_id": "2", "object_repr": "Customer", "action_flag": 2, "change_message": "[{\"changed\": {\"fields\": [\"first_name\", \"last_name\", \"email\"]}}]"}}, {"model": "admin.logentry", "pk": 3, "fields": {"action_time": "2020-10-28T14:14:36.860Z", "user": 1, "content_type": 7, "object_id": "1", "object_repr": "C1", "action_flag": 1, "change_message": "[{\"added\": {}}]"}}, {"model": "admin.logentry", "pk": 4, "fields": {"action_time": "2020-10-28T14:15:39.276Z", "user": 1, "content_type": 4, "object_id": "3", "object_repr": "Restaurant", "action_flag": 1, "change_message": "[{\"added\": {}}]"}}, {"model": "admin.logentry", "pk": 5, "fields": {"action_time": "2020-10-28T14:15:57.242Z", "user": 1, "content_type": 4, "object_id": "3", "object_repr": "Restaurant", "action_flag": 2, "change_message": "[{\"changed\": {\"fields\": [\"first_name\", \"email\"]}}]"}}, {"model": "admin.logentry", "pk": 6, "fields": {"action_time": "2020-10-28T14:16:32.127Z", "user": 1, "content_type": 10, "object_id": "1", "object_repr": "Restaurant object (1)", "action_flag": 1, "change_message": "[{\"added\": {}}]"}}, {"model": "admin.logentry", "pk": 7, "fields": {"action_time": "2020-10-28T14:20:21.808Z", "user": 1, "content_type": 11, "object_id": "1", "object_repr": "Product object (1)", "action_flag": 1, "change_message": "[{\"added\": {}}]"}}, {"model": "admin.logentry", "pk": 8, "fields": {"action_time": "2020-10-28T14:22:54.429Z", "user": 1, "content_type": 11, "object_id": "2", "object_repr": "Grid Chicken Menu", "action_flag": 1, "change_message": "[{\"added\": {}}]"}}, {"model": "admin.logentry", "pk": 9, "fields": {"action_time": "2020-10-28T14:23:51.039Z", "user": 1, "content_type": 11, "object_id": "3", "object_repr": "Onion Rings", "action_flag": 1, "change_message": "[{\"added\": {}}]"}}, {"model": "admin.logentry", "pk": 10, "fields": {"action_time": "2020-10-28T14:24:14.698Z", "user": 1, "content_type": 11, "object_id": "4", "object_repr": "Nuggets", "action_flag": 1, "change_message": "[{\"added\": {}}]"}}, {"model": "admin.logentry", "pk": 11, "fields": {"action_time": "2020-10-28T14:26:14.467Z", "user": 1, "content_type": 11, "object_id": "5", "object_repr": "Ceasor Salad", "action_flag": 1, "change_message": "[{\"added\": {}}]"}}, {"model": "admin.logentry", "pk": 12, "fields": {"action_time": "2020-10-28T14:27:13.447Z", "user": 1, "content_type": 11, "object_id": "6", "object_repr": "Club Sandwich", "action_flag": 1, "change_message": "[{\"added\": {}}]"}}, {"model": "admin.logentry", "pk": 13, "fields": {"action_time": "2020-10-28T14:45:34.006Z", "user": 1, "content_type": 11, "object_id": "6", "object_repr": "Sandwich1", "action_flag": 2, "change_message": "[{\"changed\": {\"fields\": [\"name\"]}}]"}}, {"model": "admin.logentry", "pk": 14, "fields": {"action_time": "2020-10-28T14:45:41.999Z", "user": 1, "content_type": 11, "object_id": "5", "object_repr": "Salad2", "action_flag": 2, "change_message": "[{\"changed\": {\"fields\": [\"name\"]}}]"}}, {"model": "admin.logentry", "pk": 15, "fields": {"action_time": "2020-10-28T14:45:52.087Z", "user": 1, "content_type": 11, "object_id": "3", "object_repr": "Onion Rings", "action_flag": 2, "change_message": "[]"}}, {"model": "admin.logentry", "pk": 16, "fields": {"action_time": "2020-10-28T14:45:58.823Z", "user": 1, "content_type": 11, "object_id": "2", "object_repr": "Grid Chicken", "action_flag": 2, "change_message": "[{\"changed\": {\"fields\": [\"name\"]}}]"}}, {"model": "admin.logentry", "pk": 17, "fields": {"action_time": "2020-10-28T14:59:46.031Z", "user": 1, "content_type": 11, "object_id": "7", "object_repr": "Pastry1", "action_flag": 1, "change_message": "[{\"added\": {}}]"}}, {"model": "admin.logentry", "pk": 18, "fields": {"action_time": "2020-10-28T15:05:54.698Z", "user": 1, "content_type": 11, "object_id": "7", "object_repr": "Pastry1", "action_flag": 2, "change_message": "[{\"changed\": {\"fields\": [\"image\"]}}]"}}, {"model": "admin.logentry", "pk": 19, "fields": {"action_time": "2020-10-28T15:08:13.973Z", "user": 1, "content_type": 11, "object_id": "6", "object_repr": "Sandwich1", "action_flag": 2, "change_message": "[{\"changed\": {\"fields\": [\"image\"]}}]"}}, {"model": "admin.logentry", "pk": 20, "fields": {"action_time": "2020-10-28T15:08:22.335Z", "user": 1, "content_type": 11, "object_id": "5", "object_repr": "Salad2", "action_flag": 2, "change_message": "[{\"changed\": {\"fields\": [\"image\"]}}]"}}, {"model": "admin.logentry", "pk": 21, "fields": {"action_time": "2020-10-28T15:08:28.553Z", "user": 1, "content_type": 11, "object_id": "4", "object_repr": "Nuggets", "action_flag": 2, "change_message": "[{\"changed\": {\"fields\": [\"image\"]}}]"}}, {"model": "admin.logentry", "pk": 22, "fields": {"action_time": "2020-10-28T15:08:34.587Z", "user": 1, "content_type": 11, "object_id": "3", "object_repr": "Onion Rings", "action_flag": 2, "change_message": "[{\"changed\": {\"fields\": [\"image\"]}}]"}}, {"model": "admin.logentry", "pk": 23, "fields": {"action_time": "2020-10-28T15:08:41.283Z", "user": 1, "content_type": 11, "object_id": "2", "object_repr": "Grid Chicken", "action_flag": 2, "change_message": "[{\"changed\": {\"fields\": [\"image\"]}}]"}}, {"model": "admin.logentry", "pk": 24, "fields": {"action_time": "2020-10-28T15:08:48.017Z", "user": 1, "content_type": 11, "object_id": "1", "object_repr": "Whooper Menu", "action_flag": 2, "change_message": "[{\"changed\": {\"fields\": [\"image\"]}}]"}}, {"model": "admin.logentry", "pk": 25, "fields": {"action_time": "2020-10-28T15:22:12.400Z", "user": 1, "content_type": 11, "object_id": "8", "object_repr": "Meat Menu", "action_flag": 1, "change_message": "[{\"added\": {}}]"}}, {"model": "admin.logentry", "pk": 26, "fields": {"action_time": "2020-10-28T15:23:32.502Z", "user": 1, "content_type": 11, "object_id": "8", "object_repr": "Meat Menu", "action_flag": 2, "change_message": "[{\"changed\": {\"fields\": [\"image\"]}}]"}}, {"model": "admin.logentry", "pk": 27, "fields": {"action_time": "2020-10-28T15:26:53.046Z", "user": 1, "content_type": 8, "object_id": "1", "object_repr": "1", "action_flag": 1, "change_message": "[{\"added\": {}}]"}}, {"model": "admin.logentry", "pk": 28, "fields": {"action_time": "2020-10-28T15:27:25.113Z", "user": 1, "content_type": 12, "object_id": "1", "object_repr": "OrderItem object (1)", "action_flag": 1, "change_message": "[{\"added\": {}}]"}}, {"model": "admin.logentry", "pk": 29, "fields": {"action_time": "2020-10-28T15:28:57.457Z", "user": 1, "content_type": 12, "object_id": "2", "object_repr": "Onion Ringsfor1", "action_flag": 1, "change_message": "[{\"added\": {}}]"}}, {"model": "admin.logentry", "pk": 30, "fields": {"action_time": "2020-10-28T15:57:00.386Z", "user": 1, "content_type": 7, "object_id": "2", "object_repr": "selin", "action_flag": 1, "change_message": "[{\"added\": {}}]"}}, {"model": "admin.logentry", "pk": 31, "fields": {"action_time": "2020-10-28T16:00:25.387Z", "user": 1, "content_type": 8, "object_id": "2", "object_repr": "2", "action_flag": 2, "change_message": "[{\"changed\": {\"fields\": [\"transaction_id\"]}}]"}}, {"model": "admin.logentry", "pk": 32, "fields": {"action_time": "2020-10-28T16:00:42.093Z", "user": 1, "content_type": 12, "object_id": "3", "object_repr": "Salad2 for Order : 2", "action_flag": 1, "change_message": "[{\"added\": {}}]"}}, {"model": "admin.logentry", "pk": 33, "fields": {"action_time": "2020-10-28T16:10:32.826Z", "user": 1, "content_type": 12, "object_id": "4", "object_repr": "Sandwich1 for Order : 2", "action_flag": 1, "change_message": "[{\"added\": {}}]"}}, {"model": "admin.logentry", "pk": 34, "fields": {"action_time": "2020-10-29T11:49:59.800Z", "user": 1, "content_type": 11, "object_id": "8", "object_repr": "Meat Menu", "action_flag": 2, "change_message": "[{\"changed\": {\"fields\": [\"deliverable\"]}}]"}}, {"model": "admin.logentry", "pk": 35, "fields": {"action_time": "2020-10-29T16:29:02.063Z", "user": 1, "content_type": 4, "object_id": "4", "object_repr": "deneme", "action_flag": 3, "change_message": ""}}, {"model": "admin.logentry", "pk": 36, "fields": {"action_time": "2020-10-29T16:31:12.593Z", "user": 1, "content_type": 4, "object_id": "5", "object_repr": "deneme2", "action_flag": 3, "change_message": ""}}, {"model": "admin.logentry", "pk": 37, "fields": {"action_time": "2020-10-29T18:10:36.292Z", "user": 1, "content_type": 10, "object_id": "1", "object_repr": "Restaurant Owner", "action_flag": 2, "change_message": "[{\"changed\": {\"fields\": [\"name\"]}}]"}}, {"model": "admin.logentry", "pk": 38, "fields": {"action_time": "2020-10-29T18:14:12.162Z", "user": 1, "content_type": 3, "object_id": "1", "object_repr": "Customers", "action_flag": 1, "change_message": "[{\"added\": {}}]"}}, {"model": "admin.logentry", "pk": 39, "fields": {"action_time": "2020-10-29T18:14:23.950Z", "user": 1, "content_type": 3, "object_id": "2", "object_repr": "Restaurant Owners", "action_flag": 1, "change_message": "[{\"added\": {}}]"}}, {"model": "admin.logentry", "pk": 40, "fields": {"action_time": "2020-10-29T18:14:37.137Z", "user": 1, "content_type": 4, "object_id": "2", "object_repr": "Customer", "action_flag": 2, "change_message": "[{\"changed\": {\"fields\": [\"groups\"]}}]"}}, {"model": "admin.logentry", "pk": 41, "fields": {"action_time": "2020-10-29T18:14:43.261Z", "user": 1, "content_type": 4, "object_id": "3", "object_repr": "Restaurant", "action_flag": 2, "change_message": "[{\"changed\": {\"fields\": [\"groups\"]}}]"}}, {"model": "admin.logentry", "pk": 42, "fields": {"action_time": "2020-10-29T18:15:25.048Z", "user": 1, "content_type": 4, "object_id": "7", "object_repr": "denem3", "action_flag": 2, "change_message": "[{\"changed\": {\"fields\": [\"password\"]}}]"}}, {"model": "admin.logentry", "pk": 43, "fields": {"action_time": "2020-10-29T18:15:49.736Z", "user": 1, "content_type": 4, "object_id": "7", "object_repr": "deneme123", "action_flag": 2, "change_message": "[{\"changed\": {\"fields\": [\"username\", \"first_name\", \"last_name\", \"groups\"]}}]"}}, {"model": "admin.logentry", "pk": 44, "fields": {"action_time": "2020-10-29T18:15:58.463Z", "user": 1, "content_type": 4, "object_id": "6", "object_repr": "deneme2", "action_flag": 3, "change_message": ""}}, {"model": "admin.logentry", "pk": 45, "fields": {"action_time": "2020-10-29T18:16:07.139Z", "user": 1, "content_type": 4, "object_id": "1", "object_repr": "selin", "action_flag": 2, "change_message": "[{\"changed\": {\"fields\": [\"groups\"]}}]"}}, {"model": "admin.logentry", "pk": 46, "fields": {"action_time": "2020-10-29T18:16:28.374Z", "user": 1, "content_type": 4, "object_id": "3", "object_repr": "Restaurant", "action_flag": 2, "change_message": "[{\"changed\": {\"fields\": [\"first_name\", \"last_name\"]}}]"}}, {"model": "admin.logentry", "pk": 47, "fields": {"action_time": "2020-10-29T18:16:41.272Z", "user": 1, "content_type": 4, "object_id": "1", "object_repr": "selin", "action_flag": 2, "change_message": "[{\"changed\": {\"fields\": [\"first_name\", \"last_name\"]}}]"}}, {"model": "admin.logentry", "pk": 48, "fields": {"action_time": "2020-10-29T18:39:59.326Z", "user": 1, "content_type": 4, "object_id": "8", "object_repr": "Customer3", "action_flag": 2, "change_message": "[{\"changed\": {\"fields\": [\"groups\"]}}]"}}, {"model": "admin.logentry", "pk": 49, "fields": {"action_time": "2020-10-29T18:46:39.878Z", "user": 1, "content_type": 7, "object_id": "3", "object_repr": "Pelin", "action_flag": 1, "change_message": "[{\"added\": {}}]"}}, {"model": "admin.logentry", "pk": 50, "fields": {"action_time": "2020-10-29T19:27:02.506Z", "user": 1, "content_type": 4, "object_id": "12", "object_repr": "AAA", "action_flag": 3, "change_message": ""}}, {"model": "admin.logentry", "pk": 51, "fields": {"action_time": "2020-10-29T19:27:07.104Z", "user": 1, "content_type": 4, "object_id": "13", "object_repr": "BB", "action_flag": 3, "change_message": ""}}, {"model": "admin.logentry", "pk": 52, "fields": {"action_time": "2020-10-29T19:27:12.250Z", "user": 1, "content_type": 4, "object_id": "14", "object_repr": "C", "action_flag": 3, "change_message": ""}}, {"model": "admin.logentry", "pk": 53, "fields": {"action_time": "2020-10-29T19:27:19.174Z", "user": 1, "content_type": 4, "object_id": "8", "object_repr": "Customer3", "action_flag": 3, "change_message": ""}}, {"model": "admin.logentry", "pk": 54, "fields": {"action_time": "2020-10-29T19:27:23.135Z", "user": 1, "content_type": 4, "object_id": "10", "object_repr": "D1", "action_flag": 3, "change_message": ""}}, {"model": "admin.logentry", "pk": 55, "fields": {"action_time": "2020-10-29T19:27:27.329Z", "user": 1, "content_type": 4, "object_id": "15", "object_repr": "E", "action_flag": 3, "change_message": ""}}, {"model": "admin.logentry", "pk": 56, "fields": {"action_time": "2020-10-29T19:27:39.280Z", "user": 1, "content_type": 4, "object_id": "16", "object_repr": "F", "action_flag": 3, "change_message": ""}}, {"model": "admin.logentry", "pk": 57, "fields": {"action_time": "2020-10-29T19:27:43.480Z", "user": 1, "content_type": 4, "object_id": "17", "object_repr": "G", "action_flag": 3, "change_message": ""}}, {"model": "admin.logentry", "pk": 58, "fields": {"action_time": "2020-10-29T19:31:12.679Z", "user": 1, "content_type": 7, "object_id": "1", "object_repr": "Customer object (1)", "action_flag": 3, "change_message": ""}}, {"model": "admin.logentry", "pk": 59, "fields": {"action_time": "2020-10-29T19:31:23.314Z", "user": 1, "content_type": 7, "object_id": "4", "object_repr": "Customer object (4)", "action_flag": 3, "change_message": ""}}, {"model": "admin.logentry", "pk": 60, "fields": {"action_time": "2020-10-29T19:31:26.364Z", "user": 1, "content_type": 7, "object_id": "5", "object_repr": "Customer object (5)", "action_flag": 3, "change_message": ""}}, {"model": "admin.logentry", "pk": 61, "fields": {"action_time": "2020-10-29T19:31:29.598Z", "user": 1, "content_type": 7, "object_id": "6", "object_repr": "Customer object (6)", "action_flag": 3, "change_message": ""}}, {"model": "admin.logentry", "pk": 62, "fields": {"action_time": "2020-10-29T19:31:31.947Z", "user": 1, "content_type": 7, "object_id": "7", "object_repr": "Customer object (7)", "action_flag": 3, "change_message": ""}}, {"model": "admin.logentry", "pk": 63, "fields": {"action_time": "2020-10-29T19:31:34.231Z", "user": 1, "content_type": 7, "object_id": "8", "object_repr": "Customer object (8)", "action_flag": 3, "change_message": ""}}, {"model": "admin.logentry", "pk": 64, "fields": {"action_time": "2020-10-29T19:31:46.143Z", "user": 1, "content_type": 7, "object_id": "2", "object_repr": "Customer object (2)", "action_flag": 2, "change_message": "[{\"changed\": {\"fields\": [\"phone\"]}}]"}}, {"model": "admin.logentry", "pk": 65, "fields": {"action_time": "2020-10-29T19:32:18.202Z", "user": 1, "content_type": 12, "object_id": "34", "object_repr": "OrderItem object (34)", "action_flag": 3, "change_message": ""}}, {"model": "admin.logentry", "pk": 66, "fields": {"action_time": "2020-10-29T19:32:18.211Z", "user": 1, "content_type": 12, "object_id": "33", "object_repr": "OrderItem object (33)", "action_flag": 3, "change_message": ""}}, {"model": "admin.logentry", "pk": 67, "fields": {"action_time": "2020-10-29T19:32:18.217Z", "user": 1, "content_type": 12, "object_id": "32", "object_repr": "OrderItem object (32)", "action_flag": 3, "change_message": ""}}, {"model": "admin.logentry", "pk": 68, "fields": {"action_time": "2020-10-29T19:32:18.223Z", "user": 1, "content_type": 12, "object_id": "31", "object_repr": "OrderItem object (31)", "action_flag": 3, "change_message": ""}}, {"model": "admin.logentry", "pk": 69, "fields": {"action_time": "2020-10-29T19:32:18.229Z", "user": 1, "content_type": 12, "object_id": "30", "object_repr": "OrderItem object (30)", "action_flag": 3, "change_message": ""}}, {"model": "admin.logentry", "pk": 70, "fields": {"action_time": "2020-10-29T19:32:18.237Z", "user": 1, "content_type": 12, "object_id": "29", "object_repr": "OrderItem object (29)", "action_flag": 3, "change_message": ""}}, {"model": "admin.logentry", "pk": 71, "fields": {"action_time": "2020-10-29T19:32:18.243Z", "user": 1, "content_type": 12, "object_id": "28", "object_repr": "OrderItem object (28)", "action_flag": 3, "change_message": ""}}, {"model": "admin.logentry", "pk": 72, "fields": {"action_time": "2020-10-29T19:32:18.249Z", "user": 1, "content_type": 12, "object_id": "27", "object_repr": "OrderItem object (27)", "action_flag": 3, "change_message": ""}}, {"model": "admin.logentry", "pk": 73, "fields": {"action_time": "2020-10-29T19:32:18.255Z", "user": 1, "content_type": 12, "object_id": "26", "object_repr": "OrderItem object (26)", "action_flag": 3, "change_message": ""}}, {"model": "admin.logentry", "pk": 74, "fields": {"action_time": "2020-10-29T19:32:18.261Z", "user": 1, "content_type": 12, "object_id": "25", "object_repr": "OrderItem object (25)", "action_flag": 3, "change_message": ""}}, {"model": "admin.logentry", "pk": 75, "fields": {"action_time": "2020-10-29T19:32:18.268Z", "user": 1, "content_type": 12, "object_id": "24", "object_repr": "OrderItem object (24)", "action_flag": 3, "change_message": ""}}, {"model": "admin.logentry", "pk": 76, "fields": {"action_time": "2020-10-29T19:32:18.275Z", "user": 1, "content_type": 12, "object_id": "23", "object_repr": "OrderItem object (23)", "action_flag": 3, "change_message": ""}}, {"model": "admin.logentry", "pk": 77, "fields": {"action_time": "2020-10-29T19:32:18.282Z", "user": 1, "content_type": 12, "object_id": "22", "object_repr": "OrderItem object (22)", "action_flag": 3, "change_message": ""}}, {"model": "admin.logentry", "pk": 78, "fields": {"action_time": "2020-10-29T19:32:18.289Z", "user": 1, "content_type": 12, "object_id": "21", "object_repr": "OrderItem object (21)", "action_flag": 3, "change_message": ""}}, {"model": "admin.logentry", "pk": 79, "fields": {"action_time": "2020-10-29T19:32:18.296Z", "user": 1, "content_type": 12, "object_id": "20", "object_repr": "OrderItem object (20)", "action_flag": 3, "change_message": ""}}, {"model": "admin.logentry", "pk": 80, "fields": {"action_time": "2020-10-29T19:32:18.302Z", "user": 1, "content_type": 12, "object_id": "19", "object_repr": "OrderItem object (19)", "action_flag": 3, "change_message": ""}}, {"model": "admin.logentry", "pk": 81, "fields": {"action_time": "2020-10-29T19:32:18.309Z", "user": 1, "content_type": 12, "object_id": "18", "object_repr": "OrderItem object (18)", "action_flag": 3, "change_message": ""}}, {"model": "admin.logentry", "pk": 82, "fields": {"action_time": "2020-10-29T19:32:18.316Z", "user": 1, "content_type": 12, "object_id": "17", "object_repr": "OrderItem object (17)", "action_flag": 3, "change_message": ""}}, {"model": "admin.logentry", "pk": 83, "fields": {"action_time": "2020-10-29T19:32:18.322Z", "user": 1, "content_type": 12, "object_id": "16", "object_repr": "OrderItem object (16)", "action_flag": 3, "change_message": ""}}, {"model": "admin.logentry", "pk": 84, "fields": {"action_time": "2020-10-29T19:32:18.329Z", "user": 1, "content_type": 12, "object_id": "15", "object_repr": "OrderItem object (15)", "action_flag": 3, "change_message": ""}}, {"model": "admin.logentry", "pk": 85, "fields": {"action_time": "2020-10-29T19:32:18.335Z", "user": 1, "content_type": 12, "object_id": "13", "object_repr": "OrderItem object (13)", "action_flag": 3, "change_message": ""}}, {"model": "admin.logentry", "pk": 86, "fields": {"action_time": "2020-10-29T19:32:18.341Z", "user": 1, "content_type": 12, "object_id": "2", "object_repr": "OrderItem object (2)", "action_flag": 3, "change_message": ""}}, {"model": "admin.logentry", "pk": 87, "fields": {"action_time": "2020-10-29T19:32:18.347Z", "user": 1, "content_type": 12, "object_id": "1", "object_repr": "OrderItem object (1)", "action_flag": 3, "change_message": ""}}, {"model": "admin.logentry", "pk": 88, "fields": {"action_time": "2020-10-29T19:32:31.642Z", "user": 1, "content_type": 12, "object_id": "35", "object_repr": "OrderItem object (35)", "action_flag": 3, "change_message": ""}}, {"model": "admin.logentry", "pk": 89, "fields": {"action_time": "2020-10-29T19:33:14.591Z", "user": 1, "content_type": 8, "object_id": "21", "object_repr": "Order object (21)", "action_flag": 3, "change_message": ""}}, {"model": "admin.logentry", "pk": 90, "fields": {"action_time": "2020-10-29T19:33:14.600Z", "user": 1, "content_type": 8, "object_id": "20", "object_repr": "Order object (20)", "action_flag": 3, "change_message": ""}}, {"model": "admin.logentry", "pk": 91, "fields": {"action_time": "2020-10-29T19:33:14.606Z", "user": 1, "content_type": 8, "object_id": "19", "object_repr": "Order object (19)", "action_flag": 3, "change_message": ""}}, {"model": "admin.logentry", "pk": 92, "fields": {"action_time": "2020-10-29T19:33:14.613Z", "user": 1, "content_type": 8, "object_id": "18", "object_repr": "Order object (18)", "action_flag": 3, "change_message": ""}}, {"model": "admin.logentry", "pk": 93, "fields": {"action_time": "2020-10-29T19:33:14.620Z", "user": 1, "content_type": 8, "object_id": "17", "object_repr": "Order object (17)", "action_flag": 3, "change_message": ""}}, {"model": "admin.logentry", "pk": 94, "fields": {"action_time": "2020-10-29T19:33:14.626Z", "user": 1, "content_type": 8, "object_id": "16", "object_repr": "Order object (16)", "action_flag": 3, "change_message": ""}}, {"model": "admin.logentry", "pk": 95, "fields": {"action_time": "2020-10-29T19:33:14.632Z", "user": 1, "content_type": 8, "object_id": "15", "object_repr": "Order object (15)", "action_flag": 3, "change_message": ""}}, {"model": "admin.logentry", "pk": 96, "fields": {"action_time": "2020-10-29T19:33:14.638Z", "user": 1, "content_type": 8, "object_id": "14", "object_repr": "Order object (14)", "action_flag": 3, "change_message": ""}}, {"model": "admin.logentry", "pk": 97, "fields": {"action_time": "2020-10-29T19:33:14.645Z", "user": 1, "content_type": 8, "object_id": "13", "object_repr": "Order object (13)", "action_flag": 3, "change_message": ""}}, {"model": "admin.logentry", "pk": 98, "fields": {"action_time": "2020-10-29T19:33:14.650Z", "user": 1, "content_type": 8, "object_id": "12", "object_repr": "Order object (12)", "action_flag": 3, "change_message": ""}}, {"model": "admin.logentry", "pk": 99, "fields": {"action_time": "2020-10-29T19:33:14.658Z", "user": 1, "content_type": 8, "object_id": "11", "object_repr": "Order object (11)", "action_flag": 3, "change_message": ""}}, {"model": "admin.logentry", "pk": 100, "fields": {"action_time": "2020-10-29T19:33:14.665Z", "user": 1, "content_type": 8, "object_id": "10", "object_repr": "Order object (10)", "action_flag": 3, "change_message": ""}}, {"model": "admin.logentry", "pk": 101, "fields": {"action_time": "2020-10-29T19:33:14.672Z", "user": 1, "content_type": 8, "object_id": "9", "object_repr": "Order object (9)", "action_flag": 3, "change_message": ""}}, {"model": "admin.logentry", "pk": 102, "fields": {"action_time": "2020-10-29T19:33:14.679Z", "user": 1, "content_type": 8, "object_id": "8", "object_repr": "Order object (8)", "action_flag": 3, "change_message": ""}}, {"model": "admin.logentry", "pk": 103, "fields": {"action_time": "2020-10-29T19:33:14.686Z", "user": 1, "content_type": 8, "object_id": "7", "object_repr": "Order object (7)", "action_flag": 3, "change_message": ""}}, {"model": "admin.logentry", "pk": 104, "fields": {"action_time": "2020-10-29T19:33:14.693Z", "user": 1, "content_type": 8, "object_id": "6", "object_repr": "Order object (6)", "action_flag": 3, "change_message": ""}}, {"model": "admin.logentry", "pk": 105, "fields": {"action_time": "2020-10-29T19:33:14.699Z", "user": 1, "content_type": 8, "object_id": "5", "object_repr": "Order object (5)", "action_flag": 3, "change_message": ""}}, {"model": "admin.logentry", "pk": 106, "fields": {"action_time": "2020-10-29T19:33:14.705Z", "user": 1, "content_type": 8, "object_id": "4", "object_repr": "Order object (4)", "action_flag": 3, "change_message": ""}}, {"model": "admin.logentry", "pk": 107, "fields": {"action_time": "2020-10-29T19:33:14.712Z", "user": 1, "content_type": 8, "object_id": "3", "object_repr": "Order object (3)", "action_flag": 3, "change_message": ""}}, {"model": "admin.logentry", "pk": 108, "fields": {"action_time": "2020-10-29T19:33:14.718Z", "user": 1, "content_type": 8, "object_id": "2", "object_repr": "Order object (2)", "action_flag": 3, "change_message": ""}}, {"model": "admin.logentry", "pk": 109, "fields": {"action_time": "2020-10-29T19:33:14.724Z", "user": 1, "content_type": 8, "object_id": "1", "object_repr": "Order object (1)", "action_flag": 3, "change_message": ""}}, {"model": "admin.logentry", "pk": 110, "fields": {"action_time": "2020-10-29T19:33:25.666Z", "user": 1, "content_type": 10, "object_id": "2", "object_repr": "Restaurant object (2)", "action_flag": 3, "change_message": ""}}, {"model": "admin.logentry", "pk": 111, "fields": {"action_time": "2020-10-29T19:33:52.902Z", "user": 1, "content_type": 9, "object_id": "6", "object_repr": "Shipping object (6)", "action_flag": 3, "change_message": ""}}, {"model": "admin.logentry", "pk": 112, "fields": {"action_time": "2020-10-29T19:33:52.910Z", "user": 1, "content_type": 9, "object_id": "5", "object_repr": "Shipping object (5)", "action_flag": 3, "change_message": ""}}, {"model": "admin.logentry", "pk": 113, "fields": {"action_time": "2020-10-29T19:33:52.915Z", "user": 1, "content_type": 9, "object_id": "4", "object_repr": "Shipping object (4)", "action_flag": 3, "change_message": ""}}, {"model": "admin.logentry", "pk": 114, "fields": {"action_time": "2020-10-29T19:33:52.923Z", "user": 1, "content_type": 9, "object_id": "3", "object_repr": "Shipping object (3)", "action_flag": 3, "change_message": ""}}, {"model": "admin.logentry", "pk": 115, "fields": {"action_time": "2020-10-29T19:33:52.930Z", "user": 1, "content_type": 9, "object_id": "2", "object_repr": "Shipping object (2)", "action_flag": 3, "change_message": ""}}, {"model": "admin.logentry", "pk": 116, "fields": {"action_time": "2020-10-29T19:33:59.566Z", "user": 1, "content_type": 9, "object_id": "1", "object_repr": "Shipping object (1)", "action_flag": 3, "change_message": ""}}, {"model": "admin.logentry", "pk": 117, "fields": {"action_time": "2020-10-29T19:37:36.671Z", "user": 1, "content_type": 4, "object_id": "18", "object_repr": "K", "action_flag": 3, "change_message": ""}}, {"model": "admin.logentry", "pk": 118, "fields": {"action_time": "2020-10-29T19:37:36.677Z", "user": 1, "content_type": 4, "object_id": "19", "object_repr": "L", "action_flag": 3, "change_message": ""}}, {"model": "admin.logentry", "pk": 119, "fields": {"action_time": "2020-10-29T19:37:36.683Z", "user": 1, "content_type": 4, "object_id": "11", "object_repr": "Türkan", "action_flag": 3, "change_message": ""}}, {"model": "admin.logentry", "pk": 120, "fields": {"action_time": "2020-10-29T19:37:36.689Z", "user": 1, "content_type": 4, "object_id": "7", "object_repr": "deneme123", "action_flag": 3, "change_message": ""}}, {"model": "admin.logentry", "pk": 121, "fields": {"action_time": "2020-10-29T19:37:36.696Z", "user": 1, "content_type": 4, "object_id": "21", "object_repr": "j", "action_flag": 3, "change_message": ""}}, {"model": "admin.logentry", "pk": 122, "fields": {"action_time": "2020-10-29T19:37:36.703Z", "user": 1, "content_type": 4, "object_id": "20", "object_repr": "m", "action_flag": 3, "change_message": ""}}, {"model": "admin.logentry", "pk": 123, "fields": {"action_time": "2020-10-29T19:37:36.710Z", "user": 1, "content_type": 4, "object_id": "22", "object_repr": "v", "action_flag": 3, "change_message": ""}}, {"model": "admin.logentry", "pk": 124, "fields": {"action_time": "2020-10-29T19:37:59.078Z", "user": 1, "content_type": 4, "object_id": "2", "object_repr": "Customer", "action_flag": 3, "change_message": ""}}, {"model": "admin.logentry", "pk": 125, "fields": {"action_time": "2020-10-29T19:42:23.323Z", "user": 1, "content_type": 10, "object_id": "3", "object_repr": "TurkanCafe", "action_flag": 3, "change_message": ""}}, {"model": "admin.logentry", "pk": 126, "fields": {"action_time": "2020-10-29T19:42:31.651Z", "user": 1, "content_type": 4, "object_id": "23", "object_repr": "TurkanCafe", "action_flag": 3, "change_message": ""}}, {"model": "admin.logentry", "pk": 127, "fields": {"action_time": "2020-10-29T20:28:33.544Z", "user": 1, "content_type": 12, "object_id": "38", "object_repr": "Whooper Menu for Order : 25", "action_flag": 3, "change_message": ""}}, {"model": "admin.logentry", "pk": 128, "fields": {"action_time": "2020-10-29T20:28:33.553Z", "user": 1, "content_type": 12, "object_id": "37", "object_repr": "Grid Chicken for Order : 22", "action_flag": 3, "change_message": ""}}, {"model": "admin.logentry", "pk": 129, "fields": {"action_time": "2020-10-29T20:28:33.559Z", "user": 1, "content_type": 12, "object_id": "36", "object_repr": "Whooper Menu for Order : 22", "action_flag": 3, "change_message": ""}}, {"model": "admin.logentry", "pk": 130, "fields": {"action_time": "2020-10-29T20:29:01.119Z", "user": 1, "content_type": 8, "object_id": "28", "object_repr": "28", "action_flag": 3, "change_message": ""}}, {"model": "admin.logentry", "pk": 131, "fields": {"action_time": "2020-10-29T20:29:01.128Z", "user": 1, "content_type": 8, "object_id": "27", "object_repr": "27", "action_flag": 3, "change_message": ""}}, {"model": "admin.logentry", "pk": 132, "fields": {"action_time": "2020-10-29T20:29:01.134Z", "user": 1, "content_type": 8, "object_id": "26", "object_repr": "26", "action_flag": 3, "change_message": ""}}, {"model": "admin.logentry", "pk": 133, "fields": {"action_time": "2020-10-29T20:29:01.140Z", "user": 1, "content_type": 8, "object_id": "25", "object_repr": "25", "action_flag": 3, "change_message": ""}}, {"model": "admin.logentry", "pk": 134, "fields": {"action_time": "2020-10-29T20:29:01.146Z", "user": 1, "content_type": 8, "object_id": "24", "object_repr": "24", "action_flag": 3, "change_message": ""}}, {"model": "admin.logentry", "pk": 135, "fields": {"action_time": "2020-10-29T20:29:01.152Z", "user": 1, "content_type": 8, "object_id": "23", "object_repr": "23", "action_flag": 3, "change_message": ""}}, {"model": "admin.logentry", "pk": 136, "fields": {"action_time": "2020-10-29T20:29:01.158Z", "user": 1, "content_type": 8, "object_id": "22", "object_repr": "22", "action_flag": 3, "change_message": ""}}, {"model": "admin.logentry", "pk": 137, "fields": {"action_time": "2020-10-29T20:58:28.857Z", "user": 1, "content_type": 11, "object_id": "9", "object_repr": "Cafe Special", "action_flag": 1, "change_message": "[{\"added\": {}}]"}}, {"model": "admin.logentry", "pk": 138, "fields": {"action_time": "2020-10-29T21:06:40.949Z", "user": 1, "content_type": 11, "object_id": "10", "object_repr": "Cafe Special2", "action_flag": 1, "change_message": "[{\"added\": {}}]"}}, {"model": "admin.logentry", "pk": 139, "fields": {"action_time": "2020-10-29T21:08:57.296Z", "user": 1, "content_type": 11, "object_id": "10", "object_repr": "Cafe Special2", "action_flag": 2, "change_message": "[{\"changed\": {\"fields\": [\"image\"]}}]"}}, {"model": "admin.logentry", "pk": 140, "fields": {"action_time": "2020-10-30T18:52:24.516Z", "user": 1, "content_type": 4, "object_id": "27", "object_repr": "sel", "action_flag": 3, "change_message": ""}}, {"model": "admin.logentry", "pk": 141, "fields": {"action_time": "2020-10-30T18:59:59.531Z", "user": 1, "content_type": 4, "object_id": "28", "object_repr": "selin13", "action_flag": 3, "change_message": ""}}, {"model": "admin.logentry", "pk": 142, "fields": {"action_time": "2020-10-30T19:11:20.447Z", "user": 1, "content_type": 4, "object_id": "9", "object_repr": "Pelin", "action_flag": 2, "change_message": "[{\"changed\": {\"fields\": [\"username\"]}}]"}}, {"model": "admin.logentry", "pk": 143, "fields": {"action_time": "2020-10-30T20:56:44.869Z", "user": 1, "content_type": 10, "object_id": "6", "object_repr": "selin", "action_flag": 1, "change_message": "[{\"added\": {}}]"}}, {"model": "admin.logentry", "pk": 144, "fields": {"action_time": "2020-10-30T21:03:31.858Z", "user": 1, "content_type": 11, "object_id": "11", "object_repr": "Selin Pizza", "action_flag": 1, "change_message": "[{\"added\": {}}]"}}, {"model": "admin.logentry", "pk": 145, "fields": {"action_time": "2020-10-30T21:07:53.518Z", "user": 1, "content_type": 11, "object_id": "12", "object_repr": "Coffee", "action_flag": 1, "change_message": "[{\"added\": {}}]"}}, {"model": "admin.logentry", "pk": 146, "fields": {"action_time": "2020-10-30T21:18:28.256Z", "user": 1, "content_type": 11, "object_id": "13", "object_repr": "Coffee", "action_flag": 1, "change_message": "[{\"added\": {}}]"}}, {"model": "admin.logentry", "pk": 147, "fields": {"action_time": "2020-10-30T22:06:55.540Z", "user": 1, "content_type": 8, "object_id": "33", "object_repr": "33", "action_flag": 2, "change_message": "[{\"changed\": {\"fields\": [\"order_done\"]}}]"}}, {"model": "admin.logentry", "pk": 148, "fields": {"action_time": "2020-10-31T09:19:10.760Z", "user": 1, "content_type": 11, "object_id": "14", "object_repr": "Selin Pizza", "action_flag": 1, "change_message": "[{\"added\": {}}]"}}, {"model": "admin.logentry", "pk": 149, "fields": {"action_time": "2020-10-31T09:27:54.336Z", "user": 1, "content_type": 11, "object_id": "15", "object_repr": "Selin Pizza", "action_flag": 1, "change_message": "[{\"added\": {}}]"}}, {"model": "admin.logentry", "pk": 150, "fields": {"action_time": "2020-10-31T09:43:10.664Z", "user": 1, "content_type": 11, "object_id": "16", "object_repr": "Selin Pizza", "action_flag": 1, "change_message": "[{\"added\": {}}]"}}, {"model": "admin.logentry", "pk": 151, "fields": {"action_time": "2020-10-31T10:39:20.346Z", "user": 1, "content_type": 11, "object_id": "19", "object_repr": "Selin Special Coffee", "action_flag": 3, "change_message": ""}}, {"model": "admin.logentry", "pk": 152, "fields": {"action_time": "2020-10-31T10:39:20.354Z", "user": 1, "content_type": 11, "object_id": "18", "object_repr": "Selin Special Coffee", "action_flag": 3, "change_message": ""}}, {"model": "admin.logentry", "pk": 153, "fields": {"action_time": "2020-10-31T10:39:20.360Z", "user": 1, "content_type": 11, "object_id": "17", "object_repr": "Selin Special Coffee", "action_flag": 3, "change_message": ""}}, {"model": "admin.logentry", "pk": 154, "fields": {"action_time": "2020-10-31T10:46:23.276Z", "user": 1, "content_type": 11, "object_id": "20", "object_repr": "Selin Special Coffee", "action_flag": 3, "change_message": ""}}, {"model": "admin.logentry", "pk": 155, "fields": {"action_time": "2020-10-31T12:17:21.119Z", "user": 1, "content_type": 13, "object_id": "1", "object_repr": "Reviews object (1)", "action_flag": 1, "change_message": "[{\"added\": {}}]"}}, {"model": "admin.logentry", "pk": 156, "fields": {"action_time": "2020-10-31T12:18:40.672Z", "user": 1, "content_type": 13, "object_id": "2", "object_repr": "Reviews object (2)", "action_flag": 1, "change_message": "[{\"added\": {}}]"}}, {"model": "admin.logentry", "pk": 157, "fields": {"action_time": "2020-10-31T12:32:15.386Z", "user": 1, "content_type": 13, "object_id": "3", "object_repr": "Reviews object (3)", "action_flag": 1, "change_message": "[{\"added\": {}}]"}}, {"model": "admin.logentry", "pk": 158, "fields": {"action_time": "2020-10-31T12:33:19.815Z", "user": 1, "content_type": 13, "object_id": "4", "object_repr": "Reviews object (4)", "action_flag": 1, "change_message": "[{\"added\": {}}]"}}, {"model": "admin.logentry", "pk": 159, "fields": {"action_time": "2020-10-31T12:45:00.848Z", "user": 1, "content_type": 11, "object_id": "1", "object_repr": "Whooper Menu", "action_flag": 2, "change_message": "[{\"changed\": {\"fields\": [\"category\"]}}]"}}, {"model": "admin.logentry", "pk": 160, "fields": {"action_time": "2020-10-31T12:45:08.435Z", "user": 1, "content_type": 11, "object_id": "21", "object_repr": "Smoothie Bowl", "action_flag": 2, "change_message": "[{\"changed\": {\"fields\": [\"category\"]}}]"}}, {"model": "admin.logentry", "pk": 161, "fields": {"action_time": "2020-10-31T12:45:22.134Z", "user": 1, "content_type": 11, "object_id": "16", "object_repr": "Selin Pizza", "action_flag": 2, "change_message": "[{\"changed\": {\"fields\": [\"category\"]}}]"}}, {"model": "admin.logentry", "pk": 162, "fields": {"action_time": "2020-10-31T12:45:27.617Z", "user": 1, "content_type": 11, "object_id": "13", "object_repr": "Selin Special Coffee", "action_flag": 2, "change_message": "[{\"changed\": {\"fields\": [\"category\"]}}]"}}, {"model": "admin.logentry", "pk": 163, "fields": {"action_time": "2020-10-31T12:45:35.232Z", "user": 1, "content_type": 11, "object_id": "10", "object_repr": "Cafe Special2", "action_flag": 2, "change_message": "[{\"changed\": {\"fields\": [\"category\"]}}]"}}, {"model": "admin.logentry", "pk": 164, "fields": {"action_time": "2020-10-31T12:45:44.740Z", "user": 1, "content_type": 11, "object_id": "9", "object_repr": "Cafe Special", "action_flag": 2, "change_message": "[{\"changed\": {\"fields\": [\"category\"]}}]"}}, {"model": "admin.logentry", "pk": 165, "fields": {"action_time": "2020-10-31T12:45:51.029Z", "user": 1, "content_type": 11, "object_id": "8", "object_repr": "Meat Menu", "action_flag": 2, "change_message": "[{\"changed\": {\"fields\": [\"category\"]}}]"}}, {"model": "admin.logentry", "pk": 166, "fields": {"action_time": "2020-10-31T12:45:56.704Z", "user": 1, "content_type": 11, "object_id": "7", "object_repr": "Pastry1", "action_flag": 2, "change_message": "[{\"changed\": {\"fields\": [\"category\"]}}]"}}, {"model": "admin.logentry", "pk": 167, "fields": {"action_time": "2020-10-31T12:46:05.818Z", "user": 1, "content_type": 11, "object_id": "6", "object_repr": "Sandwich1", "action_flag": 2, "change_message": "[{\"changed\": {\"fields\": [\"category\"]}}]"}}, {"model": "admin.logentry", "pk": 168, "fields": {"action_time": "2020-10-31T12:46:15.566Z", "user": 1, "content_type": 11, "object_id": "5", "object_repr": "Salad2", "action_flag": 2, "change_message": "[{\"changed\": {\"fields\": [\"category\"]}}]"}}, {"model": "admin.logentry", "pk": 169, "fields": {"action_time": "2020-10-31T12:46:21.819Z", "user": 1, "content_type": 11, "object_id": "4", "object_repr": "Nuggets", "action_flag": 2, "change_message": "[{\"changed\": {\"fields\": [\"category\"]}}]"}}, {"model": "admin.logentry", "pk": 170, "fields": {"action_time": "2020-10-31T12:46:30.106Z", "user": 1, "content_type": 11, "object_id": "3", "object_repr": "Onion Rings", "action_flag": 2, "change_message": "[{\"changed\": {\"fields\": [\"category\"]}}]"}}, {"model": "admin.logentry", "pk": 171, "fields": {"action_time": "2020-10-31T12:46:37.464Z", "user": 1, "content_type": 11, "object_id": "2", "object_repr": "Grid Chicken", "action_flag": 2, "change_message": "[{\"changed\": {\"fields\": [\"category\"]}}]"}}, {"model": "admin.logentry", "pk": 172, "fields": {"action_time": "2020-10-31T21:26:30.055Z", "user": 1, "content_type": 15, "object_id": "8", "object_repr": "Discount_History object (8)", "action_flag": 3, "change_message": ""}}, {"model": "admin.logentry", "pk": 173, "fields": {"action_time": "2020-11-01T10:04:41.051Z", "user": 1, "content_type": 15, "object_id": "9", "object_repr": "Discount_History object (9)", "action_flag": 3, "change_message": ""}}, {"model": "admin.logentry", "pk": 174, "fields": {"action_time": "2020-11-01T10:04:41.061Z", "user": 1, "content_type": 15, "object_id": "3", "object_repr": "Discount_History object (3)", "action_flag": 3, "change_message": ""}}, {"model": "admin.logentry", "pk": 175, "fields": {"action_time": "2020-11-01T10:04:53.438Z", "user": 1, "content_type": 11, "object_id": "1", "object_repr": "Whooper Menu", "action_flag": 2, "change_message": "[{\"changed\": {\"fields\": [\"price\"]}}]"}}, {"model": "admin.logentry", "pk": 176, "fields": {"action_time": "2020-11-01T10:04:59.845Z", "user": 1, "content_type": 11, "object_id": "2", "object_repr": "Grid Chicken", "action_flag": 2, "change_message": "[{\"changed\": {\"fields\": [\"price\"]}}]"}}, {"model": "admin.logentry", "pk": 177, "fields": {"action_time": "2020-11-01T10:05:07.382Z", "user": 1, "content_type": 11, "object_id": "3", "object_repr": "Onion Rings", "action_flag": 2, "change_message": "[{\"changed\": {\"fields\": [\"price\"]}}]"}}, {"model": "admin.logentry", "pk": 178, "fields": {"action_time": "2020-11-01T10:05:14.087Z", "user": 1, "content_type": 11, "object_id": "4", "object_repr": "Nuggets", "action_flag": 2, "change_message": "[{\"changed\": {\"fields\": [\"price\"]}}]"}}, {"model": "admin.logentry", "pk": 179, "fields": {"action_time": "2020-11-01T10:05:25.566Z", "user": 1, "content_type": 11, "object_id": "7", "object_repr": "Pastry1", "action_flag": 2, "change_message": "[{\"changed\": {\"fields\": [\"price\"]}}]"}}, {"model": "admin.logentry", "pk": 180, "fields": {"action_time": "2020-11-01T10:05:32.153Z", "user": 1, "content_type": 11, "object_id": "8", "object_repr": "Meat Menu", "action_flag": 2, "change_message": "[{\"changed\": {\"fields\": [\"price\"]}}]"}}, {"model": "admin.logentry", "pk": 181, "fields": {"action_time": "2020-11-01T10:05:44.508Z", "user": 1, "content_type": 11, "object_id": "13", "object_repr": "Selin Special Coffee", "action_flag": 2, "change_message": "[{\"changed\": {\"fields\": [\"price\"]}}]"}}, {"model": "admin.logentry", "pk": 182, "fields": {"action_time": "2020-11-01T10:05:51.629Z", "user": 1, "content_type": 11, "object_id": "22", "object_repr": "Macarons", "action_flag": 2, "change_message": "[{\"changed\": {\"fields\": [\"price\"]}}]"}}, {"model": "admin.logentry", "pk": 183, "fields": {"action_time": "2020-11-01T10:05:58.084Z", "user": 1, "content_type": 11, "object_id": "21", "object_repr": "Smoothie Bowl", "action_flag": 2, "change_message": "[{\"changed\": {\"fields\": [\"price\"]}}]"}}, {"model": "admin.logentry", "pk": 184, "fields": {"action_time": "2020-11-01T10:06:17.516Z", "user": 1, "content_type": 11, "object_id": "6", "object_repr": "Sandwich1", "action_flag": 2, "change_message": "[{\"changed\": {\"fields\": [\"price\"]}}]"}}, {"model": "admin.logentry", "pk": 185, "fields": {"action_time": "2020-11-01T10:06:34.876Z", "user": 1, "content_type": 11, "object_id": "10", "object_repr": "Cafe Special2", "action_flag": 2, "change_message": "[{\"changed\": {\"fields\": [\"price\"]}}]"}}, {"model": "admin.logentry", "pk": 186, "fields": {"action_time": "2020-11-01T10:25:50.762Z", "user": 1, "content_type": 15, "object_id": "1", "object_repr": "Discount_History object (1)", "action_flag": 3, "change_message": ""}}, {"model": "admin.logentry", "pk": 187, "fields": {"action_time": "2020-11-01T10:25:59.252Z", "user": 1, "content_type": 15, "object_id": "2", "object_repr": "Discount_History object (2)", "action_flag": 3, "change_message": ""}}, {"model": "admin.logentry", "pk": 188, "fields": {"action_time": "2020-11-01T10:49:44.683Z", "user": 1, "content_type": 11, "object_id": "23", "object_repr": "Fix Breakfast", "action_flag": 1, "change_message": "[{\"added\": {}}]"}}, {"model": "admin.logentry", "pk": 189, "fields": {"action_time": "2020-11-01T10:50:58.994Z", "user": 1, "content_type": 11, "object_id": "24", "object_repr": "Chickpeas", "action_flag": 1, "change_message": "[{\"added\": {}}]"}}, {"model": "admin.logentry", "pk": 190, "fields": {"action_time": "2020-11-01T10:52:14.699Z", "user": 1, "content_type": 11, "object_id": "25", "object_repr": "Shrimp Menu", "action_flag": 1, "change_message": "[{\"added\": {}}]"}}, {"model": "admin.logentry", "pk": 191, "fields": {"action_time": "2020-11-01T10:54:45.874Z", "user": 1, "content_type": 11, "object_id": "26", "object_repr": "Spagetti", "action_flag": 1, "change_message": "[{\"added\": {}}]"}}, {"model": "admin.logentry", "pk": 192, "fields": {"action_time": "2020-11-01T10:55:37.537Z", "user": 1, "content_type": 11, "object_id": "27", "object_repr": "Browni", "action_flag": 1, "change_message": "[{\"added\": {}}]"}}, {"model": "admin.logentry", "pk": 193, "fields": {"action_time": "2020-11-01T10:56:31.332Z", "user": 1, "content_type": 11, "object_id": "28", "object_repr": "Pressed Fruit Juice", "action_flag": 1, "change_message": "[{\"added\": {}}]"}}, {"model": "admin.logentry", "pk": 194, "fields": {"action_time": "2020-11-01T10:57:22.436Z", "user": 1, "content_type": 11, "object_id": "29", "object_repr": "Hot Chocolate", "action_flag": 1, "change_message": "[{\"added\": {}}]"}}, {"model": "admin.logentry", "pk": 195, "fields": {"action_time": "2020-11-01T10:58:57.588Z", "user": 1, "content_type": 11, "object_id": "30", "object_repr": "Humus", "action_flag": 1, "change_message": "[{\"added\": {}}]"}}, {"model": "admin.logentry", "pk": 196, "fields": {"action_time": "2021-01-04T21:10:12.428Z", "user": 1, "content_type": 4, "object_id": "24", "object_repr": "TurkanCafeAndBar", "action_flag": 2, "change_message": "[{\"changed\": {\"fields\": [\"password\"]}}]"}}, {"model": "admin.logentry", "pk": 197, "fields": {"action_time": "2021-01-04T21:10:58.104Z", "user": 1, "content_type": 4, "object_id": "24", "object_repr": "TurkanCafeAndBar", "action_flag": 2, "change_message": "[{\"changed\": {\"fields\": [\"password\"]}}]"}}, {"model": "admin.logentry", "pk": 198, "fields": {"action_time": "2021-01-10T13:16:07.314Z", "user": 1, "content_type": 13, "object_id": "15", "object_repr": "Reviews object (15)", "action_flag": 3, "change_message": ""}}, {"model": "admin.logentry", "pk": 199, "fields": {"action_time": "2021-01-10T13:16:10.151Z", "user": 1, "content_type": 13, "object_id": "14", "object_repr": "Reviews object (14)", "action_flag": 3, "change_message": ""}}, {"model": "admin.logentry", "pk": 200, "fields": {"action_time": "2021-01-10T13:16:13.891Z", "user": 1, "content_type": 13, "object_id": "13", "object_repr": "Reviews object (13)", "action_flag": 3, "change_message": ""}}, {"model": "admin.logentry", "pk": 201, "fields": {"action_time": "2021-01-10T13:16:17.445Z", "user": 1, "content_type": 13, "object_id": "12", "object_repr": "Reviews object (12)", "action_flag": 3, "change_message": ""}}, {"model": "admin.logentry", "pk": 202, "fields": {"action_time": "2021-01-10T13:16:21.472Z", "user": 1, "content_type": 13, "object_id": "11", "object_repr": "Reviews object (11)", "action_flag": 3, "change_message": ""}}, {"model": "admin.logentry", "pk": 203, "fields": {"action_time": "2021-01-10T13:16:25.188Z", "user": 1, "content_type": 13, "object_id": "10", "object_repr": "Reviews object (10)", "action_flag": 3, "change_message": ""}}, {"model": "admin.logentry", "pk": 204, "fields": {"action_time": "2021-01-10T13:24:59.363Z", "user": 1, "content_type": 13, "object_id": "16", "object_repr": "Reviews object (16)", "action_flag": 2, "change_message": "[{\"changed\": {\"fields\": [\"Image\"]}}]"}}, {"model": "admin.logentry", "pk": 205, "fields": {"action_time": "2021-01-10T13:25:09.470Z", "user": 1, "content_type": 13, "object_id": "16", "object_repr": "Reviews object (16)", "action_flag": 2, "change_message": "[{\"changed\": {\"fields\": [\"Image\"]}}]"}}, {"model": "admin.logentry", "pk": 206, "fields": {"action_time": "2021-01-10T13:26:06.253Z", "user": 1, "content_type": 13, "object_id": "1", "object_repr": "Reviews object (1)", "action_flag": 2, "change_message": "[{\"changed\": {\"fields\": [\"Image\"]}}]"}}, {"model": "admin.logentry", "pk": 207, "fields": {"action_time": "2021-01-10T13:26:29.936Z", "user": 1, "content_type": 13, "object_id": "1", "object_repr": "Reviews object (1)", "action_flag": 2, "change_message": "[{\"changed\": {\"fields\": [\"Image\"]}}]"}}, {"model": "auth.permission", "pk": 1, "fields": {"name": "Can add log entry", "content_type": 1, "codename": "add_logentry"}}, {"model": "auth.permission", "pk": 2, "fields": {"name": "Can change log entry", "content_type": 1, "codename": "change_logentry"}}, {"model": "auth.permission", "pk": 3, "fields": {"name": "Can delete log entry", "content_type": 1, "codename": "delete_logentry"}}, {"model": "auth.permission", "pk": 4, "fields": {"name": "Can view log entry", "content_type": 1, "codename": "view_logentry"}}, {"model": "auth.permission", "pk": 5, "fields": {"name": "Can add permission", "content_type": 2, "codename": "add_permission"}}, {"model": "auth.permission", "pk": 6, "fields": {"name": "Can change permission", "content_type": 2, "codename": "change_permission"}}, {"model": "auth.permission", "pk": 7, "fields": {"name": "Can delete permission", "content_type": 2, "codename": "delete_permission"}}, {"model": "auth.permission", "pk": 8, "fields": {"name": "Can view permission", "content_type": 2, "codename": "view_permission"}}, {"model": "auth.permission", "pk": 9, "fields": {"name": "Can add group", "content_type": 3, "codename": "add_group"}}, {"model": "auth.permission", "pk": 10, "fields": {"name": "Can change group", "content_type": 3, "codename": "change_group"}}, {"model": "auth.permission", "pk": 11, "fields": {"name": "Can delete group", "content_type": 3, "codename": "delete_group"}}, {"model": "auth.permission", "pk": 12, "fields": {"name": "Can view group", "content_type": 3, "codename": "view_group"}}, {"model": "auth.permission", "pk": 13, "fields": {"name": "Can add user", "content_type": 4, "codename": "add_user"}}, {"model": "auth.permission", "pk": 14, "fields": {"name": "Can change user", "content_type": 4, "codename": "change_user"}}, {"model": "auth.permission", "pk": 15, "fields": {"name": "Can delete user", "content_type": 4, "codename": "delete_user"}}, {"model": "auth.permission", "pk": 16, "fields": {"name": "Can view user", "content_type": 4, "codename": "view_user"}}, {"model": "auth.permission", "pk": 17, "fields": {"name": "Can add content type", "content_type": 5, "codename": "add_contenttype"}}, {"model": "auth.permission", "pk": 18, "fields": {"name": "Can change content type", "content_type": 5, "codename": "change_contenttype"}}, {"model": "auth.permission", "pk": 19, "fields": {"name": "Can delete content type", "content_type": 5, "codename": "delete_contenttype"}}, {"model": "auth.permission", "pk": 20, "fields": {"name": "Can view content type", "content_type": 5, "codename": "view_contenttype"}}, {"model": "auth.permission", "pk": 21, "fields": {"name": "Can add session", "content_type": 6, "codename": "add_session"}}, {"model": "auth.permission", "pk": 22, "fields": {"name": "Can change session", "content_type": 6, "codename": "change_session"}}, {"model": "auth.permission", "pk": 23, "fields": {"name": "Can delete session", "content_type": 6, "codename": "delete_session"}}, {"model": "auth.permission", "pk": 24, "fields": {"name": "Can view session", "content_type": 6, "codename": "view_session"}}, {"model": "auth.permission", "pk": 25, "fields": {"name": "Can add customer", "content_type": 7, "codename": "add_customer"}}, {"model": "auth.permission", "pk": 26, "fields": {"name": "Can change customer", "content_type": 7, "codename": "change_customer"}}, {"model": "auth.permission", "pk": 27, "fields": {"name": "Can delete customer", "content_type": 7, "codename": "delete_customer"}}, {"model": "auth.permission", "pk": 28, "fields": {"name": "Can view customer", "content_type": 7, "codename": "view_customer"}}, {"model": "auth.permission", "pk": 29, "fields": {"name": "Can add order", "content_type": 8, "codename": "add_order"}}, {"model": "auth.permission", "pk": 30, "fields": {"name": "Can change order", "content_type": 8, "codename": "change_order"}}, {"model": "auth.permission", "pk": 31, "fields": {"name": "Can delete order", "content_type": 8, "codename": "delete_order"}}, {"model": "auth.permission", "pk": 32, "fields": {"name": "Can view order", "content_type": 8, "codename": "view_order"}}, {"model": "auth.permission", "pk": 33, "fields": {"name": "Can add shipping", "content_type": 9, "codename": "add_shipping"}}, {"model": "auth.permission", "pk": 34, "fields": {"name": "Can change shipping", "content_type": 9, "codename": "change_shipping"}}, {"model": "auth.permission", "pk": 35, "fields": {"name": "Can delete shipping", "content_type": 9, "codename": "delete_shipping"}}, {"model": "auth.permission", "pk": 36, "fields": {"name": "Can view shipping", "content_type": 9, "codename": "view_shipping"}}, {"model": "auth.permission", "pk": 37, "fields": {"name": "Can add restaurant", "content_type": 10, "codename": "add_restaurant"}}, {"model": "auth.permission", "pk": 38, "fields": {"name": "Can change restaurant", "content_type": 10, "codename": "change_restaurant"}}, {"model": "auth.permission", "pk": 39, "fields": {"name": "Can delete restaurant", "content_type": 10, "codename": "delete_restaurant"}}, {"model": "auth.permission", "pk": 40, "fields": {"name": "Can view restaurant", "content_type": 10, "codename": "view_restaurant"}}, {"model": "auth.permission", "pk": 41, "fields": {"name": "Can add product", "content_type": 11, "codename": "add_product"}}, {"model": "auth.permission", "pk": 42, "fields": {"name": "Can change product", "content_type": 11, "codename": "change_product"}}, {"model": "auth.permission", "pk": 43, "fields": {"name": "Can delete product", "content_type": 11, "codename": "delete_product"}}, {"model": "auth.permission", "pk": 44, "fields": {"name": "Can view product", "content_type": 11, "codename": "view_product"}}, {"model": "auth.permission", "pk": 45, "fields": {"name": "Can add order item", "content_type": 12, "codename": "add_orderitem"}}, {"model": "auth.permission", "pk": 46, "fields": {"name": "Can change order item", "content_type": 12, "codename": "change_orderitem"}}, {"model": "auth.permission", "pk": 47, "fields": {"name": "Can delete order item", "content_type": 12, "codename": "delete_orderitem"}}, {"model": "auth.permission", "pk": 48, "fields": {"name": "Can view order item", "content_type": 12, "codename": "view_orderitem"}}, {"model": "auth.permission", "pk": 49, "fields": {"name": "Can add reviews", "content_type": 13, "codename": "add_reviews"}}, {"model": "auth.permission", "pk": 50, "fields": {"name": "Can change reviews", "content_type": 13, "codename": "change_reviews"}}, {"model": "auth.permission", "pk": 51, "fields": {"name": "Can delete reviews", "content_type": 13, "codename": "delete_reviews"}}, {"model": "auth.permission", "pk": 52, "fields": {"name": "Can view reviews", "content_type": 13, "codename": "view_reviews"}}, {"model": "auth.permission", "pk": 53, "fields": {"name": "Can add score", "content_type": 14, "codename": "add_score"}}, {"model": "auth.permission", "pk": 54, "fields": {"name": "Can change score", "content_type": 14, "codename": "change_score"}}, {"model": "auth.permission", "pk": 55, "fields": {"name": "Can delete score", "content_type": 14, "codename": "delete_score"}}, {"model": "auth.permission", "pk": 56, "fields": {"name": "Can view score", "content_type": 14, "codename": "view_score"}}, {"model": "auth.permission", "pk": 57, "fields": {"name": "Can add discount_ history", "content_type": 15, "codename": "add_discount_history"}}, {"model": "auth.permission", "pk": 58, "fields": {"name": "Can change discount_ history", "content_type": 15, "codename": "change_discount_history"}}, {"model": "auth.permission", "pk": 59, "fields": {"name": "Can delete discount_ history", "content_type": 15, "codename": "delete_discount_history"}}, {"model": "auth.permission", "pk": 60, "fields": {"name": "Can view discount_ history", "content_type": 15, "codename": "view_discount_history"}}, {"model": "auth.group", "pk": 1, "fields": {"name": "Customers", "permissions": []}}, {"model": "auth.group", "pk": 2, "fields": {"name": "Restaurant Owners", "permissions": []}}, {"model": "auth.user", "pk": 1, "fields": {"password": "pbkdf2_sha256$216000$EmgX08Q4wNVP$xHn52pXjotogrZ5a7cuZKW6GffHuXKpTM95TIhDG2jI=", "last_login": "2021-01-10T14:01:52.326Z", "is_superuser": true, "username": "selin", "first_name": "Selin", "last_name": "Acan", "email": "acan.selin@gmail.com", "is_staff": true, "is_active": true, "date_joined": "2020-10-28T14:10:12Z", "groups": [1, 2], "user_permissions": []}}, {"model": "auth.user", "pk": 3, "fields": {"password": "pbkdf2_sha256$150000$UhJpyIg7hijt$hNffSKbcZPzgzu8nQAEtA38XgmNCC2VUbbBKUrr8Q1c=", "last_login": null, "is_superuser": false, "username": "Restaurant", "first_name": "Restaurant Owner Name", "last_name": "Restaurant Owner Surname", "email": "restaurant@gmail.com", "is_staff": false, "is_active": true, "date_joined": "2020-10-28T14:15:39Z", "groups": [2], "user_permissions": []}}, {"model": "auth.user", "pk": 9, "fields": {"password": "pbkdf2_sha256$150000$6Icb4cuOxvhe$BJZ45PL4dKcWRZ+/B/poGgeMyl3Nj368MqLSa329vAg=", "last_login": "2020-10-30T19:11:38.966Z", "is_superuser": false, "username": "Pelin34", "first_name": "", "last_name": "", "email": "pelin.acan@gmail.com", "is_staff": false, "is_active": true, "date_joined": "2020-10-29T18:42:19Z", "groups": [1], "user_permissions": []}}, {"model": "auth.user", "pk": 24, "fields": {"password": "pbkdf2_sha256$216000$me2CmLVDwD1U$+1gC1hN9j67k0U0XQSXHyKhYPoSUSqty7r/2PUyjOEo=", "last_login": "2021-01-04T21:11:27.181Z", "is_superuser": false, "username": "TurkanCafeAndBar", "first_name": "", "last_name": "", "email": "turkan.acan@gmail.com", "is_staff": false, "is_active": true, "date_joined": "2020-10-29T19:42:55.846Z", "groups": [1, 2], "user_permissions": []}}, {"model": "auth.user", "pk": 25, "fields": {"password": "pbkdf2_sha256$150000$920aBWtOgxBe$qG/AK/kPUyx9qX3shW6JW7r7ZEOZD3pKDsiUFv5GxUo=", "last_login": "2020-11-01T14:23:37.325Z", "is_superuser": false, "username": "AdnanCafe", "first_name": "", "last_name": "", "email": "adnancafe@gmail.com", "is_staff": false, "is_active": true, "date_joined": "2020-10-29T20:11:50.049Z", "groups": [1, 2], "user_permissions": []}}, {"model": "auth.user", "pk": 26, "fields": {"password": "pbkdf2_sha256$150000$0MyzSbinFBwn$aJvz8Hui8AN0/7SEygwx+rG8XVNpmSRpXcsfnefFFOY=", "last_login": "2020-10-29T20:13:36.175Z", "is_superuser": false, "username": "Çağıl", "first_name": "", "last_name": "", "email": "cagil@gmail.com", "is_staff": false, "is_active": true, "date_joined": "2020-10-29T20:13:23.748Z", "groups": [1], "user_permissions": []}}, {"model": "auth.user", "pk": 29, "fields": {"password": "pbkdf2_sha256$216000$1485UqxDhqDn$9XKu+WnEqqq3SuSl/3/gM0/ubUKruKyh5BDj3+3jDCk=", "last_login": "2020-11-04T09:39:11.787Z", "is_superuser": false, "username": "cagil99", "first_name": "", "last_name": "", "email": "cagilpekoz@gmail.com", "is_staff": false, "is_active": true, "date_joined": "2020-11-04T09:39:04.520Z", "groups": [1, 2], "user_permissions": []}}, {"model": "auth.user", "pk": 30, "fields": {"password": "pbkdf2_sha256$216000$WzGmFvnC4jpy$Mt3wALgUrJkXTFBM1b5xdHIiL3qMX+ltGiPm1Bm7VMk=", "last_login": "2020-11-04T09:42:15.149Z", "is_superuser": false, "username": "cagil_customer", "first_name": "", "last_name": "", "email": "cagilpekoz@gmail.com", "is_staff": false, "is_active": true, "date_joined": "2020-11-04T09:42:04.680Z", "groups": [1, 2], "user_permissions": []}}, {"model": "auth.user", "pk": 31, "fields": {"password": "pbkdf2_sha256$216000$IDMKQtNTJKAw$WLyWpsZGzCkNwgSH7fLLvr4zEJ5xfzl4hDFXOUUyr5s=", "last_login": "2020-11-04T09:51:02.486Z", "is_superuser": false, "username": "customer", "first_name": "", "last_name": "", "email": "cagilpekoz@gmail.com", "is_staff": false, "is_active": true, "date_joined": "2020-11-04T09:50:43.067Z", "groups": [1], "user_permissions": []}}, {"model": "contenttypes.contenttype", "pk": 1, "fields": {"app_label": "admin", "model": "logentry"}}, {"model": "contenttypes.contenttype", "pk": 2, "fields": {"app_label": "auth", "model": "permission"}}, {"model": "contenttypes.contenttype", "pk": 3, "fields": {"app_label": "auth", "model": "group"}}, {"model": "contenttypes.contenttype", "pk": 4, "fields": {"app_label": "auth", "model": "user"}}, {"model": "contenttypes.contenttype", "pk": 5, "fields": {"app_label": "contenttypes", "model": "contenttype"}}, {"model": "contenttypes.contenttype", "pk": 6, "fields": {"app_label": "sessions", "model": "session"}}, {"model": "contenttypes.contenttype", "pk": 7, "fields": {"app_label": "main", "model": "customer"}}, {"model": "contenttypes.contenttype", "pk": 8, "fields": {"app_label": "main", "model": "order"}}, {"model": "contenttypes.contenttype", "pk": 9, "fields": {"app_label": "main", "model": "shipping"}}, {"model": "contenttypes.contenttype", "pk": 10, "fields": {"app_label": "main", "model": "restaurant"}}, {"model": "contenttypes.contenttype", "pk": 11, "fields": {"app_label": "main", "model": "product"}}, {"model": "contenttypes.contenttype", "pk": 12, "fields": {"app_label": "main", "model": "orderitem"}}, {"model": "contenttypes.contenttype", "pk": 13, "fields": {"app_label": "main", "model": "reviews"}}, {"model": "contenttypes.contenttype", "pk": 14, "fields": {"app_label": "main", "model": "score"}}, {"model": "contenttypes.contenttype", "pk": 15, "fields": {"app_label": "main", "model": "discount_history"}}, {"model": "sessions.session", "pk": "57v7tmy89exmmr4qzan4853xwyr8uee7", "fields": {"session_data": ".eJxVjDsOwjAQBe_iGln-O6Gkzxms3fUGB5AjxUmFuDuJlALaN_PmLRJsa0lb4yVNWVyFFpffDYGeXA-QH1Dvs6S5rsuE8lDkSZsc5syv2-n-BQq0sr8RtSPjlEYLncpeoWGKPXEHbq_EMYCx1oSoLHsabWDsjTc6U2DHZMXnC-6TOEM:1kybI0:Lt8EMIEIrFRwZ5GuF8-UCgeNnhaDxXJPmlloXSIfiuw", "expire_date": "2021-01-24T14:01:52.422Z"}}, {"model": "sessions.session", "pk": "8jobv7i7m581oc672czpmwts6vr1670f", "fields": {"session_data": ".eJxVjDsOwjAQBe_iGln-O6Gkzxms3fUGB5AjxUmFuDuJlALaN_PmLRJsa0lb4yVNWVyFFpffDYGeXA-QH1Dvs6S5rsuE8lDkSZsc5syv2-n-BQq0sr8RtSPjlEYLncpeoWGKPXEHbq_EMYCx1oSoLHsabWDsjTc6U2DHZMXnC-6TOEM:1kaFz2:-z-ZA2yrWO2JLotJTfZx7zzKmSChC30IPRwl0sfwZJU", "expire_date": "2020-11-18T10:25:40.235Z"}}, {"model": "sessions.session", "pk": "udxvh155ziqc2n9i0gga8iqb5z3lfar9", "fields": {"session_data": ".eJxVjDsOwjAQBe_iGln-O6Gkzxms3fUGB5AjxUmFuDuJlALaN_PmLRJsa0lb4yVNWVyFFpffDYGeXA-QH1Dvs6S5rsuE8lDkSZsc5syv2-n-BQq0sr8RtSPjlEYLncpeoWGKPXEHbq_EMYCx1oSoLHsabWDsjTc6U2DHZMXnC-6TOEM:1kwq3B:OzZX-7YN2tdEz60001ey8eQ9Ygbh4uJZrbgAPO8vNtE", "expire_date": "2021-01-19T17:23:17.851Z"}}, {"model": "main.customer", "pk": 2, "fields": {"user": 1, "name": "selin", "email": "acan.selin@gmail.com", "phone": "676767", "date_created": "2020-10-29T18:08:11.217Z"}}, {"model": "main.customer", "pk": 3, "fields": {"user": 9, "name": "Pelin34", "email": "pelin.acan@gmail.com", "phone": "123123123", "date_created": "2020-10-29T18:46:39.877Z"}}, {"model": "main.customer", "pk": 9, "fields": {"user": 24, "name": "TurkanCafeAndBar", "email": "turkan.acan@gmail.com", "phone": null, "date_created": "2020-10-29T19:42:55.990Z"}}, {"model": "main.customer", "pk": 10, "fields": {"user": 25, "name": "AdnanCafe", "email": "AdnanCafe", "phone": null, "date_created": "2020-10-29T20:11:50.191Z"}}, {"model": "main.customer", "pk": 11, "fields": {"user": 26, "name": "Çağıl", "email": "Çağıl", "phone": null, "date_created": "2020-10-29T20:13:23.873Z"}}, {"model": "main.customer", "pk": 12, "fields": {"user": 29, "name": "cagil99", "email": "cagil99", "phone": null, "date_created": "2020-11-04T09:39:04.863Z"}}, {"model": "main.customer", "pk": 13, "fields": {"user": 30, "name": "cagil_customer", "email": "cagil_customer", "phone": null, "date_created": "2020-11-04T09:42:04.962Z"}}, {"model": "main.customer", "pk": 14, "fields": {"user": 31, "name": "customer", "email": "customer", "phone": null, "date_created": "2020-11-04T09:50:43.314Z"}}, {"model": "main.restaurant", "pk": 1, "fields": {"owner": 3, "name": "Restaurant Owner", "email": "restaurant@gmail.com", "phone": "1234567", "location": "N"}}, {"model": "main.restaurant", "pk": 4, "fields": {"owner": 24, "name": "TurkanCafeAndBar", "email": "turkan.acan@gmail.com", "phone": null, "location": ""}}, {"model": "main.restaurant", "pk": 5, "fields": {"owner": 25, "name": "AdnanCafe", "email": "AdnanCafe", "phone": null, "location": ""}}, {"model": "main.restaurant", "pk": 6, "fields": {"owner": 1, "name": "selin", "email": "acan.selin@gmail.com", "phone": "676767", "location": "F"}}, {"model": "main.restaurant", "pk": 7, "fields": {"owner": 29, "name": "cagil99", "email": "cagil99", "phone": null, "location": ""}}, {"model": "main.restaurant", "pk": 8, "fields": {"owner": 30, "name": "cagil_customer", "email": "cagil_customer", "phone": null, "location": ""}}, {"model": "main.product", "pk": 1, "fields": {"name": "Whooper Menu", "category": "Burgers", "restaurant": 1, "ingredients": "Burger Bread\r\nMeat\r\nLettuce\r\nTomato\r\nKetchup\r\nFries", "deliverable": true, "price": 35.0, "image": "hamburger.jpg"}}, {"model": "main.product", "pk": 2, "fields": {"name": "Grid Chicken", "category": "Chicken Meals", "restaurant": 1, "ingredients": "Grid Chicken\r\nFries", "deliverable": false, "price": 48.0, "image": "grid_chicken.jpg"}}, {"model": "main.product", "pk": 3, "fields": {"name": "Onion Rings", "category": "Side Dishes", "restaurant": 1, "ingredients": "Onion Rings (Amount : 4 )", "deliverable": true, "price": 70.0, "image": "onion_rings.jpg"}}, {"model": "main.product", "pk": 4, "fields": {"name": "Nuggets", "category": "Chicken Meals", "restaurant": 1, "ingredients": "Chicken", "deliverable": true, "price": 80.0, "image": "nuggets.jpg"}}, {"model": "main.product", "pk": 5, "fields": {"name": "Salad2", "category": "Salads", "restaurant": 1, "ingredients": "Ceasor Sauce\r\nLettuce\r\nBread\r\nCheese\r\nTomato", "deliverable": true, "price": 40.0, "image": "salad.jpg"}}, {"model": "main.product", "pk": 6, "fields": {"name": "Sandwich1", "category": "Toasts", "restaurant": 1, "ingredients": "Olives\r\nLettuce\r\nCheese\r\nBread\r\nTomato\r\nChicken", "deliverable": false, "price": 27.000000000000007, "image": "sandwhich.jpg"}}, {"model": "main.product", "pk": 7, "fields": {"name": "Pastry1", "category": "Pastry", "restaurant": 1, "ingredients": "Crossiant", "deliverable": true, "price": 90.0, "image": "pastry.jpg"}}, {"model": "main.product", "pk": 8, "fields": {"name": "Meat Menu", "category": "Meat Meals", "restaurant": 1, "ingredients": "Meat", "deliverable": false, "price": 100.0, "image": "meat_aXbhv1L.jpg"}}, {"model": "main.product", "pk": 9, "fields": {"name": "Cafe Special", "category": "Lunch", "restaurant": 5, "ingredients": "Secret", "deliverable": true, "price": 50.0, "image": "popular_now9_UT9YjO5.jpg"}}, {"model": "main.product", "pk": 10, "fields": {"name": "Cafe Special2", "category": "Dinner", "restaurant": 5, "ingredients": "Secret", "deliverable": true, "price": 130.0, "image": "popular_now4_PLtolp3.png"}}, {"model": "main.product", "pk": 13, "fields": {"name": "Selin Special Coffee", "category": "Hot Drinks", "restaurant": 6, "ingredients": "23eds", "deliverable": true, "price": 70.0, "image": "coffee.jpg"}}, {"model": "main.product", "pk": 16, "fields": {"name": "Selin Pizza", "category": "Pastry", "restaurant": 6, "ingredients": "-", "deliverable": true, "price": 50.0, "image": "pizza_2PV5PMN.jpg"}}, {"model": "main.product", "pk": 21, "fields": {"name": "Smoothie Bowl", "category": "Breakfast", "restaurant": 6, "ingredients": "Oats\r\nYogurt\r\nBerries", "deliverable": true, "price": 60.0, "image": "bowl.jpg"}}, {"model": "main.product", "pk": 22, "fields": {"name": "Macarons", "category": "Pastry", "restaurant": 6, "ingredients": "Cream\r\nChocolate\r\nMilk\r\nBiscuits", "deliverable": true, "price": 84.0, "image": "macaron.jpg"}}, {"model": "main.product", "pk": 23, "fields": {"name": "Fix Breakfast", "category": "Breakfast", "restaurant": 1, "ingredients": "Eggs, Bread, ...", "deliverable": true, "price": 120.0, "image": "breakfast_deQh1rP.jpg"}}, {"model": "main.product", "pk": 24, "fields": {"name": "Chickpeas", "category": "Lunch", "restaurant": 5, "ingredients": "-", "deliverable": true, "price": 354.0, "image": "chickpeas_j3gopQw.jpg"}}, {"model": "main.product", "pk": 25, "fields": {"name": "Shrimp Menu", "category": "Dinner", "restaurant": 6, "ingredients": "-", "deliverable": true, "price": 67.0, "image": "shrimps_vZnK5Hk.jpg"}}, {"model": "main.product", "pk": 26, "fields": {"name": "Spagetti", "category": "Pastas", "restaurant": 4, "ingredients": "-", "deliverable": true, "price": 890.0, "image": "pastas_u9YkWZx.jpg"}}, {"model": "main.product", "pk": 27, "fields": {"name": "Browni", "category": "Desserts", "restaurant": 6, "ingredients": "--", "deliverable": true, "price": 567.0, "image": "browni_0IWOIxA.jpg"}}, {"model": "main.product", "pk": 28, "fields": {"name": "Pressed Fruit Juice", "category": "Cold Drinks", "restaurant": 6, "ingredients": "-", "deliverable": true, "price": 890.0, "image": "juice_SMoArhs.png"}}, {"model": "main.product", "pk": 29, "fields": {"name": "Hot Chocolate", "category": "Hot Drinks", "restaurant": 5, "ingredients": "-", "deliverable": true, "price": 456.0, "image": "hot_choc_08PgkRB.jpg"}}, {"model": "main.product", "pk": 30, "fields": {"name": "Humus", "category": "Side Dishes", "restaurant": 1, "ingredients": "-", "deliverable": true, "price": 453.0, "image": "humus_VFpnDQ0.jpg"}}, {"model": "main.reviews", "pk": 1, "fields": {"user": 9, "product": 1, "comment": "Best hamburger I have ever eaten !! Totally recommended", "speed_rating": "8", "service_rating": "10", "food_quality_rating": "10", "image": "4374904eabca54c12de8da99227dd8d7.jpg"}}, {"model": "main.reviews", "pk": 2, "fields": {"user": 26, "product": 16, "comment": "The ingredients are good.\r\nThe speed was slow.\r\nThe delivery guy was very nice.", "speed_rating": "3", "service_rating": "8", "food_quality_rating": "9", "image": ""}}, {"model": "main.reviews", "pk": 3, "fields": {"user": 25, "product": 1, "comment": "Not bad", "speed_rating": "7", "service_rating": "5", "food_quality_rating": "7", "image": ""}}, {"model": "main.reviews", "pk": 4, "fields": {"user": 26, "product": 1, "comment": "It was cold when arrived.", "speed_rating": "9", "service_rating": "8", "food_quality_rating": "3", "image": ""}}, {"model": "main.reviews", "pk": 5, "fields": {"user": 1, "product": 1, "comment": "The food was uoutdated. It would have been better if the speed was higher as well.", "speed_rating": "8", "service_rating": "9", "food_quality_rating": "5", "image": ""}}, {"model": "main.reviews", "pk": 6, "fields": {"user": 1, "product": 2, "comment": "Perfect !!", "speed_rating": "9", "service_rating": "9", "food_quality_rating": "9", "image": ""}}, {"model": "main.reviews", "pk": 7, "fields": {"user": 1, "product": 21, "comment": "I'm in love <3", "speed_rating": "10", "service_rating": "10", "food_quality_rating": "10", "image": ""}}, {"model": "main.reviews", "pk": 8, "fields": {"user": 1, "product": 21, "comment": "It was bad", "speed_rating": "4", "service_rating": "2", "food_quality_rating": "3", "image": ""}}, {"model": "main.reviews", "pk": 9, "fields": {"user": 1, "product": 4, "comment": "Best", "speed_rating": "7", "service_rating": "8", "food_quality_rating": "9", "image": ""}}, {"model": "main.reviews", "pk": 16, "fields": {"user": 1, "product": 1, "comment": "It was good!", "speed_rating": "10", "service_rating": "10", "food_quality_rating": "10", "image": "EQGQD14.jpg"}}, {"model": "main.order", "pk": 29, "fields": {"customer": 3, "order_date": "2020-10-29T20:29:15.691Z", "complete": true, "transaction_id": "1604003374.304297", "order_done": false}}, {"model": "main.order", "pk": 30, "fields": {"customer": 3, "order_date": "2020-10-29T20:29:35.280Z", "complete": true, "transaction_id": "1604003629.38476", "order_done": false}}, {"model": "main.order", "pk": 31, "fields": {"customer": 3, "order_date": "2020-10-29T20:33:50.078Z", "complete": true, "transaction_id": "1604005651.218212", "order_done": false}}, {"model": "main.order", "pk": 32, "fields": {"customer": 10, "order_date": "2020-10-29T20:47:18.698Z", "complete": true, "transaction_id": "1604004459.67252", "order_done": false}}, {"model": "main.order", "pk": 33, "fields": {"customer": 10, "order_date": "2020-10-29T20:47:40.490Z", "complete": true, "transaction_id": "1604093484.144905", "order_done": false}}, {"model": "main.order", "pk": 34, "fields": {"customer": 2, "order_date": "2020-10-29T20:58:51.417Z", "complete": true, "transaction_id": "1604005151.729987", "order_done": false}}, {"model": "main.order", "pk": 35, "fields": {"customer": 2, "order_date": "2020-10-29T20:59:12.633Z", "complete": true, "transaction_id": "1604005671.690038", "order_done": false}}, {"model": "main.order", "pk": 36, "fields": {"customer": 3, "order_date": "2020-10-29T21:07:32.153Z", "complete": true, "transaction_id": "1604077958.302653", "order_done": false}}, {"model": "main.order", "pk": 37, "fields": {"customer": 2, "order_date": "2020-10-29T21:07:52.631Z", "complete": true, "transaction_id": "1604081074.281902", "order_done": false}}, {"model": "main.order", "pk": 38, "fields": {"customer": 3, "order_date": "2020-10-30T17:12:39.441Z", "complete": false, "transaction_id": null, "order_done": false}}, {"model": "main.order", "pk": 39, "fields": {"customer": 2, "order_date": "2020-10-30T18:04:35.563Z", "complete": true, "transaction_id": "1604090677.87333", "order_done": false}}, {"model": "main.order", "pk": 40, "fields": {"customer": 9, "order_date": "2020-10-30T19:12:16.575Z", "complete": true, "transaction_id": "1609813612.603561", "order_done": false}}, {"model": "main.order", "pk": 41, "fields": {"customer": 2, "order_date": "2020-10-30T20:44:38.793Z", "complete": true, "transaction_id": "1604090956.081595", "order_done": false}}, {"model": "main.order", "pk": 42, "fields": {"customer": 2, "order_date": "2020-10-30T20:49:16.800Z", "complete": true, "transaction_id": "1604091022.965959", "order_done": false}}, {"model": "main.order", "pk": 43, "fields": {"customer": 2, "order_date": "2020-10-30T20:50:24.437Z", "complete": true, "transaction_id": "1604091057.9195", "order_done": false}}, {"model": "main.order", "pk": 44, "fields": {"customer": 2, "order_date": "2020-10-30T20:50:58.871Z", "complete": true, "transaction_id": "1604091830.481821", "order_done": true}}, {"model": "main.order", "pk": 45, "fields": {"customer": 2, "order_date": "2020-10-30T21:03:51.138Z", "complete": true, "transaction_id": "1604137276.041059", "order_done": false}}, {"model": "main.order", "pk": 46, "fields": {"customer": 10, "order_date": "2020-10-30T21:31:25.024Z", "complete": false, "transaction_id": null, "order_done": false}}, {"model": "main.order", "pk": 47, "fields": {"customer": 2, "order_date": "2020-10-31T09:41:16.841Z", "complete": true, "transaction_id": "1604157079.616055", "order_done": false}}, {"model": "main.order", "pk": 48, "fields": {"customer": 2, "order_date": "2020-10-31T15:11:20.569Z", "complete": true, "transaction_id": "1604226883.840647", "order_done": false}}, {"model": "main.order", "pk": 49, "fields": {"customer": 2, "order_date": "2020-11-01T10:34:44.830Z", "complete": true, "transaction_id": "1604226913.079743", "order_done": false}}, {"model": "main.order", "pk": 50, "fields": {"customer": 2, "order_date": "2020-11-01T10:35:14.038Z", "complete": true, "transaction_id": "1604231329.301158", "order_done": false}}, {"model": "main.order", "pk": 51, "fields": {"customer": 2, "order_date": "2020-11-01T11:48:51.507Z", "complete": true, "transaction_id": "1609863474.107604", "order_done": false}}, {"model": "main.order", "pk": 52, "fields": {"customer": 12, "order_date": "2020-11-04T09:39:12.139Z", "complete": false, "transaction_id": null, "order_done": false}}, {"model": "main.order", "pk": 53, "fields": {"customer": 13, "order_date": "2020-11-04T09:42:15.511Z", "complete": false, "transaction_id": null, "order_done": false}}, {"model": "main.order", "pk": 54, "fields": {"customer": 14, "order_date": "2020-11-04T09:51:02.723Z", "complete": false, "transaction_id": null, "order_done": false}}, {"model": "main.order", "pk": 55, "fields": {"customer": 9, "order_date": "2021-01-05T02:26:54.199Z", "complete": true, "transaction_id": "1609813821.057994", "order_done": false}}, {"model": "main.order", "pk": 56, "fields": {"customer": 9, "order_date": "2021-01-05T02:30:22.526Z", "complete": true, "transaction_id": "1609813922.301653", "order_done": false}}, {"model": "main.order", "pk": 57, "fields": {"customer": 9, "order_date": "2021-01-05T02:32:03.590Z", "complete": true, "transaction_id": "1609816087.105531", "order_done": true}}, {"model": "main.order", "pk": 58, "fields": {"customer": 9, "order_date": "2021-01-05T03:08:08.415Z", "complete": false, "transaction_id": null, "order_done": false}}, {"model": "main.order", "pk": 59, "fields": {"customer": 2, "order_date": "2021-01-05T16:17:55.742Z", "complete": false, "transaction_id": null, "order_done": false}}, {"model": "main.orderitem", "pk": 39, "fields": {"product": 1, "order": 29, "quantity": 1, "date_added": "2020-10-29T20:29:17.366Z"}}, {"model": "main.orderitem", "pk": 40, "fields": {"product": 2, "order": 29, "quantity": 1, "date_added": "2020-10-29T20:29:22.336Z"}}, {"model": "main.orderitem", "pk": 41, "fields": {"product": 6, "order": 30, "quantity": 1, "date_added": "2020-10-29T20:33:34.644Z"}}, {"model": "main.orderitem", "pk": 42, "fields": {"product": 5, "order": 30, "quantity": 1, "date_added": "2020-10-29T20:33:39.094Z"}}, {"model": "main.orderitem", "pk": 43, "fields": {"product": 7, "order": 32, "quantity": 1, "date_added": "2020-10-29T20:47:29.402Z"}}, {"model": "main.orderitem", "pk": 45, "fields": {"product": 10, "order": 31, "quantity": 1, "date_added": "2020-10-29T21:07:18.263Z"}}, {"model": "main.orderitem", "pk": 48, "fields": {"product": 1, "order": 33, "quantity": 2, "date_added": "2020-10-29T21:09:54.505Z"}}, {"model": "main.orderitem", "pk": 49, "fields": {"product": 3, "order": 33, "quantity": 2, "date_added": "2020-10-29T21:09:55.870Z"}}, {"model": "main.orderitem", "pk": 50, "fields": {"product": 10, "order": 36, "quantity": 1, "date_added": "2020-10-30T17:12:09.297Z"}}, {"model": "main.orderitem", "pk": 51, "fields": {"product": 6, "order": 36, "quantity": 2, "date_added": "2020-10-30T17:12:14.245Z"}}, {"model": "main.orderitem", "pk": 56, "fields": {"product": 1, "order": 43, "quantity": 2, "date_added": "2020-10-30T20:50:45.930Z"}}, {"model": "main.orderitem", "pk": 57, "fields": {"product": 3, "order": 43, "quantity": 1, "date_added": "2020-10-30T20:50:47.814Z"}}, {"model": "main.orderitem", "pk": 59, "fields": {"product": 13, "order": 33, "quantity": 1, "date_added": "2020-10-30T21:31:12.570Z"}}, {"model": "main.orderitem", "pk": 62, "fields": {"product": 1, "order": 47, "quantity": 1, "date_added": "2020-10-31T12:22:56.042Z"}}, {"model": "main.orderitem", "pk": 63, "fields": {"product": 2, "order": 47, "quantity": 3, "date_added": "2020-10-31T12:23:36.544Z"}}, {"model": "main.orderitem", "pk": 64, "fields": {"product": 9, "order": 48, "quantity": 2, "date_added": "2020-10-31T16:14:25.041Z"}}, {"model": "main.orderitem", "pk": 65, "fields": {"product": 1, "order": 48, "quantity": 1, "date_added": "2020-10-31T16:16:14.629Z"}}, {"model": "main.orderitem", "pk": 66, "fields": {"product": 4, "order": 48, "quantity": 1, "date_added": "2020-10-31T19:04:55.857Z"}}, {"model": "main.orderitem", "pk": 67, "fields": {"product": 3, "order": 48, "quantity": 1, "date_added": "2020-11-01T10:34:31.253Z"}}, {"model": "main.orderitem", "pk": 68, "fields": {"product": 16, "order": 49, "quantity": 1, "date_added": "2020-11-01T10:35:03.594Z"}}, {"model": "main.orderitem", "pk": 71, "fields": {"product": 6, "order": 46, "quantity": 1, "date_added": "2020-11-01T14:24:09.508Z"}}, {"model": "main.orderitem", "pk": 72, "fields": {"product": 3, "order": 54, "quantity": 3, "date_added": "2020-11-04T10:04:02.105Z"}}, {"model": "main.orderitem", "pk": 84, "fields": {"product": 1, "order": 51, "quantity": 2, "date_added": "2021-01-05T11:38:39.787Z"}}, {"model": "main.orderitem", "pk": 85, "fields": {"product": 2, "order": 51, "quantity": 8, "date_added": "2021-01-05T16:12:52.053Z"}}, {"model": "main.orderitem", "pk": 87, "fields": {"product": 1, "order": 59, "quantity": 2, "date_added": "2021-01-05T17:21:08.876Z"}}, {"model": "main.shipping", "pk": 7, "fields": {"customer": 9, "order": null, "address": "North Cyprus", "city": "Famagusta", "state": "Yeniboğaziçi", "zipcode": "99680", "date_added": "2020-10-29T19:44:00.918Z"}}, {"model": "main.shipping", "pk": 8, "fields": {"customer": 3, "order": null, "address": "North Cyprus", "city": "Famagusta", "state": "Yeniboğaziçi", "zipcode": "99680", "date_added": "2020-10-29T20:27:17.838Z"}}, {"model": "main.shipping", "pk": 9, "fields": {"customer": 3, "order": 29, "address": "North Cyprus", "city": "Famagusta", "state": "Yeniboğaziçi", "zipcode": "99680", "date_added": "2020-10-29T20:29:34.328Z"}}, {"model": "main.shipping", "pk": 10, "fields": {"customer": 3, "order": 30, "address": "North Cyprus", "city": "Famagusta", "state": "Yeniboğaziçi", "zipcode": "99680", "date_added": "2020-10-29T20:33:49.418Z"}}, {"model": "main.shipping", "pk": 11, "fields": {"customer": 10, "order": 32, "address": "North Cyprus", "city": "Famagusta", "state": "Yeniboğaziçi", "zipcode": "99680", "date_added": "2020-10-29T20:47:39.698Z"}}, {"model": "main.shipping", "pk": 12, "fields": {"customer": 2, "order": 34, "address": "North Cyprus", "city": "Famagusta", "state": "Yeniboğaziçi", "zipcode": "99680", "date_added": "2020-10-29T20:59:11.756Z"}}, {"model": "main.shipping", "pk": 13, "fields": {"customer": 3, "order": 31, "address": "North Cyprus", "city": "Famagusta", "state": "Yeniboğaziçi", "zipcode": "99680", "date_added": "2020-10-29T21:07:31.238Z"}}, {"model": "main.shipping", "pk": 14, "fields": {"customer": 2, "order": 35, "address": "North Cyprus", "city": "Famagusta", "state": "Yeniboğaziçi", "zipcode": "99680", "date_added": "2020-10-29T21:07:51.709Z"}}, {"model": "main.shipping", "pk": 15, "fields": {"customer": 3, "order": 36, "address": "North Cyprus", "city": "Famagusta", "state": "Yeniboğaziçi", "zipcode": "99680", "date_added": "2020-10-30T17:12:38.328Z"}}, {"model": "main.shipping", "pk": 16, "fields": {"customer": 2, "order": 37, "address": "North Cyprus", "city": "Famagusta", "state": "Yeniboğaziçi", "zipcode": "99680", "date_added": "2020-10-30T18:04:34.309Z"}}, {"model": "main.shipping", "pk": 17, "fields": {"customer": 2, "order": 39, "address": "North Cyprus", "city": "Famagusta", "state": "Yeniboğaziçi", "zipcode": "99680", "date_added": "2020-10-30T20:44:37.894Z"}}, {"model": "main.shipping", "pk": 18, "fields": {"customer": 2, "order": 41, "address": "North Cyprus", "city": "Famagusta", "state": "Yeniboğaziçi", "zipcode": "99680", "date_added": "2020-10-30T20:49:16.102Z"}}, {"model": "main.shipping", "pk": 19, "fields": {"customer": 2, "order": 43, "address": "North Cyprus", "city": "Famagusta", "state": "Yeniboğaziçi", "zipcode": "99680", "date_added": "2020-10-30T20:50:57.943Z"}}, {"model": "main.shipping", "pk": 20, "fields": {"customer": 2, "order": 44, "address": "North Cyprus", "city": "Famagusta", "state": "Yeniboğaziçi", "zipcode": "99680", "date_added": "2020-10-30T21:03:50.504Z"}}, {"model": "main.shipping", "pk": 21, "fields": {"customer": 10, "order": 33, "address": "North Cyprus", "city": "Famagusta", "state": "Yeniboğaziçi", "zipcode": "99680", "date_added": "2020-10-30T21:31:24.178Z"}}, {"model": "main.shipping", "pk": 22, "fields": {"customer": 2, "order": 45, "address": "North Cyprus", "city": "Famagusta", "state": "Yeniboğaziçi", "zipcode": "99680", "date_added": "2020-10-31T09:41:16.064Z"}}, {"model": "main.shipping", "pk": 23, "fields": {"customer": 2, "order": 47, "address": "North Cyprus", "city": "Famagusta", "state": "Yeniboğaziçi", "zipcode": "99680", "date_added": "2020-10-31T15:11:19.638Z"}}, {"model": "main.shipping", "pk": 24, "fields": {"customer": 2, "order": 48, "address": "North Cyprus", "city": "Famagusta", "state": "Yeniboğaziçi", "zipcode": "99680", "date_added": "2020-11-01T10:34:43.868Z"}}, {"model": "main.shipping", "pk": 25, "fields": {"customer": 2, "order": 49, "address": "North Cyprus", "city": "Famagusta", "state": "Yeniboğaziçi", "zipcode": "99680", "date_added": "2020-11-01T10:35:13.101Z"}}, {"model": "main.shipping", "pk": 26, "fields": {"customer": 2, "order": 50, "address": "North Cyprus", "city": "Famagusta", "state": "Yeniboğaziçi", "zipcode": "99680", "date_added": "2020-11-01T11:48:49.333Z"}}, {"model": "main.shipping", "pk": 27, "fields": {"customer": 9, "order": 40, "address": "", "city": "", "state": "", "zipcode": "", "date_added": "2021-01-05T02:26:52.714Z"}}, {"model": "main.shipping", "pk": 28, "fields": {"customer": 9, "order": 55, "address": "", "city": "", "state": "", "zipcode": "", "date_added": "2021-01-05T02:30:21.169Z"}}, {"model": "main.shipping", "pk": 29, "fields": {"customer": 9, "order": 56, "address": "", "city": "", "state": "", "zipcode": "", "date_added": "2021-01-05T02:32:02.400Z"}}, {"model": "main.shipping", "pk": 30, "fields": {"customer": 9, "order": 57, "address": "", "city": "", "state": "", "zipcode": "", "date_added": "2021-01-05T03:08:07.190Z"}}, {"model": "main.shipping", "pk": 31, "fields": {"customer": 2, "order": 51, "address": "", "city": "", "state": "", "zipcode": "", "date_added": "2021-01-05T16:17:54.204Z"}}, {"model": "main.discount_history", "pk": 4, "fields": {"restaurant": 1, "product": 2, "date_created": "2020-11-01T10:26:19.093Z", "discount_rate": 20, "previous_price": 60}}, {"model": "main.discount_history", "pk": 5, "fields": {"restaurant": 1, "product": 22, "date_created": "2020-11-01T10:26:19.112Z", "discount_rate": 20, "previous_price": 105}}, {"model": "main.discount_history", "pk": 7, "fields": {"restaurant": 1, "product": 6, "date_created": "2020-11-01T11:50:04.913Z", "discount_rate": 70, "previous_price": 90}}]